headline,org,date,url_snapshot
Rittenhouse To Fight Extradition To Wisconsin Where He Faces  Homicide Charges In Protest Shooting,forbes,2020-09-25 16:41:15,
"Trump, Biden Are Potential ‘Super Agers’ Whose Age Is ‘Not Relevant’ To Election, Study Finds",forbes,2020-09-25 16:41:15,
White House Attacks FBI Director For Playing Down Mail Voting Fraud,forbes,2020-09-25 16:41:15,
"As U.S. Reaches 7 Million Covid Cases, These States Have The Most New Infections",forbes,2020-09-25 16:41:15,
Reddit Co-Founder Alexis Ohanian Plans $150 Million Investment Fund,forbes,2020-09-25 16:41:15,
"Dow Rallies 350 Points, But Stocks Are Down For A Fourth Week In A Row",forbes,2020-09-25 16:41:15,
Ron Paul ‘Doing Fine’ In Hospital After Appearing To Suffer Medical Episode On Camera,forbes,2020-09-25 16:41:15,
"Google Will Block Election Ads After Polls Close, Following Other Social Media Companies",forbes,2020-09-25 16:41:15,
"Biden, Democratic Victories Would Be Best Outcome For The Economy, Moody’s Says",forbes,2020-09-25 16:41:15,
Court Greenlights House Democrats’ Lawsuit Targeting Trump Administration Over Border Wall Funding,forbes,2020-09-25 16:41:15,
Rittenhouse To Fight Extradition To Wisconsin Where He Faces  Homicide Charges In Protest Shooting,forbes,2020-09-25 16:41:15,
"Trump, Biden Are Potential ‘Super Agers’ Whose Age Is ‘Not Relevant’ To Election, Study Finds",forbes,2020-09-25 16:41:15,
White House Attacks FBI Director For Playing Down Mail Voting Fraud,forbes,2020-09-25 16:41:15,
"As U.S. Reaches 7 Million Covid Cases, These States Have The Most New Infections",forbes,2020-09-25 16:41:15,
Reddit Co-Founder Alexis Ohanian Plans $150 Million Investment Fund,forbes,2020-09-25 16:41:15,
"Dow Rallies 350 Points, But Stocks Are Down For A Fourth Week In A Row",forbes,2020-09-25 16:41:15,
Ron Paul ‘Doing Fine’ In Hospital After Appearing To Suffer Medical Episode On Camera,forbes,2020-09-25 16:41:15,
"Google Will Block Election Ads After Polls Close, Following Other Social Media Companies",forbes,2020-09-25 16:41:15,
"Biden, Democratic Victories Would Be Best Outcome For The Economy, Moody’s Says",forbes,2020-09-25 16:41:15,
Court Greenlights House Democrats’ Lawsuit Targeting Trump Administration Over Border Wall Funding,forbes,2020-09-25 16:41:15,
Stimulus Update: 5 Potential Outcomes,forbes,2020-09-25 16:41:15,
Arkansas Man Finds Massive 9-Carat Diamond That He Suspected Was A Piece Of Glass,forbes,2020-09-25 16:41:15,
"As Electric Truck Startup Hyliion Goes Public, Founder Is Set To Be America’s Youngest Self-Made Billionaire",forbes,2020-09-25 16:41:15,
"Second Stimulus Package Update: Pelosi, Dems Drafting $2.2 Trillion Coronavirus Relief Bill",forbes,2020-09-25 16:41:15,
"Billionaire Jennifer Pritzker, A Former Trump Donor, Makes Her First Contribution To Joe Biden",forbes,2020-09-25 16:41:15,
"Stimulus Update: House Democrats Considering New, Smaller Relief Package",forbes,2020-09-25 16:41:15,
"Prepare For A Smaller Stimulus Package: Pelosi, Mnuchin Starting Covid-19 Relief Negotiations—Again",forbes,2020-09-25 16:41:15,
Report: Trump Campaign Actively Discussing Radical Measures To Bypass Election Results,forbes,2020-09-25 16:41:15,
‘The Social Dilemma’ Is About To Become The First Documentary On Netflix To Achieve This Incredible Milestone,forbes,2020-09-25 16:41:15,
Ivanka’s Trademark Requests Were Fast-Tracked In China After Trump Was Elected,forbes,2020-09-25 16:41:15,
Did You See The Northern Lights Last Night? Massive Display Of Aurora Borealis Ushers In New Solar Cycle,forbes,2020-09-25 16:41:15,
"Biden, Democratic Victories Would Be Best Outcome For The Economy, Moody’s Says",forbes,2020-09-25 16:41:15,
The Pandemic Plutocrats: How Covid Is Creating New Fintech Billionaires,forbes,2020-09-25 16:41:15,
Meet The One-Of-A-Kind Ferrari Omologata,forbes,2020-09-25 16:41:15,
Ruth Bader Ginsburg’s Indelible Mark On American Business,forbes,2020-09-25 16:41:15,
Amazon Promises Faster Speeds In Redesigned Echo Device,forbes,2020-09-25 16:41:15,
Ruth Bader Ginsburg’s Indelible Mark On American Business,forbes,2020-09-25 16:41:15,
Exclusive: Ruth Porat On Leading Through Crisis And Google’s Latest Moonshot To Rebuild The U.S. Economy—One Small Business At A Time,forbes,2020-09-25 16:41:15,
Billionaires On The Brink: How The Forbes 400 Makes And Loses Billions During Market Crashes,forbes,2020-09-25 16:41:15,
"After The Covid-19 Deluge, A Bankruptcy Tidal Wave?",forbes,2020-09-25 16:41:15,
Volkswagen’s 2021 All-Electric ID.4 Is Gunning For Gas-Powered Rivals,forbes,2020-09-25 16:41:15,
The Pandemic Plutocrats: How Covid Is Creating New Fintech Billionaires,forbes,2020-09-25 16:41:15,
"The Inside Story Of Robinhood’s Billionaire Founders, Option Kid Cowboys And The Wall Street Sharks That Feed On Them",forbes,2020-09-25 16:41:15,
"A Biden Victory And Split Congress Is Best For Stocks, But Here’s What Would Kill Markets After Election Night",forbes,2020-09-25 16:41:15,
Vacheron Constantin Introduces New Heure Romantique Jewelry Watch For Women,forbes,2020-09-25 16:41:15,
7 Spacious Indoor Dining Options In New York City,forbes,2020-09-25 16:41:15,
Exclusive: Ruth Porat On Leading Through Crisis And Google’s Latest Moonshot To Rebuild The U.S. Economy—One Small Business At A Time,forbes,2020-09-25 16:41:15,
Uber’s Hired A New Top Tech Leader From Amazon But Is Losing Its CIO,forbes,2020-09-25 16:41:15,
The Pandemic Plutocrats: How Covid Is Creating New Fintech Billionaires,forbes,2020-09-25 16:41:15,
Loud Calls For Global Shipping To Ditch Fossil Fuels And Meet Climate Goals,forbes,2020-09-25 16:41:15,
ChargePoint Plans NYSE Listing To Expand Its Network As EV Sales Grow,forbes,2020-09-25 16:41:15,
Restaurant Chains Big And Small Are Encouraging Employees To Get Out The Vote,forbes,2020-09-25 16:41:15,
In Search Of The Next 1000: The Entrepreneurs Creating Their Own American Dreams,forbes,2020-09-25 16:41:15,
"Small Businesses Are Closing At A Rapid Pace, With Restaurants And Retailers On The West Coast Among The Hardest Hit",forbes,2020-09-25 16:41:15,
Billionaire Backers: Explore The Big Money Behind Biden & Trump,forbes,2020-09-25 16:41:15,
The New Forbes Philanthropy Score: How We Ranked Each Forbes 400 Billionaire Based On Their Giving,forbes,2020-09-25 16:41:15,
Top 4 Retirement Worries—And How To Handle Them,forbes,2020-09-25 16:41:15,
Ruth Bader Ginsburg’s Key Cases That Paved The Way For Financial Equality,forbes,2020-09-25 16:41:15,
First Drive: 2021 Porsche Panamera 4S E-Hybrid,forbes,2020-09-25 16:41:15,
"2021 Jaguar F-Pace Debuts: More Grace, Same Space",forbes,2020-09-25 16:41:15,
"If You Sue Your Tax Advisor For Faulty Advice, Are The Proceeds Tax-Free Or Taxable Income?",forbes,2020-09-25 16:41:15,
"Biden, Democratic Victories Would Be Best Outcome For The Economy, Moody’s Says",forbes,2020-09-25 16:41:15,
The Real State Of Unemployment Is Much Higher Than Official Numbers,forbes,2020-09-25 16:41:15,
How An L.A. Hotel Became A Must-Visit Spot During The Pandemic,forbes,2020-09-25 16:41:15,
Why Tom Hardy Would Make A Superb James Bond,forbes,2020-09-25 16:41:15,
Psychedelic Drug Company MindMed Applies For Nasdaq Up-Listing,forbes,2020-09-25 16:41:15,
Warren Buffett’s BNSF Railway Names Kathryn Farmer First Female CEO Of Major Railroad,forbes,2020-09-25 16:41:15,
"After Vowing Not To Make Job Cuts In 2020 Amid Covid-19, Citigroup Announces Layoffs",forbes,2020-09-25 16:41:15,
Exclusive: The Billionaire Who Wanted To Die Broke . . . Is Now Officially Broke,forbes,2020-09-25 16:41:15,
YouTube Expands Efforts To Combat Mail-In Voting Misinformation,forbes,2020-09-25 16:41:15,
Hootsuite Drops ICE Contract After Employee Backlash,forbes,2020-09-25 16:41:15,
"Kevin Vasconi, The CIO Who Helped Turn $16 Billion Domino’s Pizza Into A Digital Success Story, Is Leaving The Company",forbes,2020-09-25 16:41:15,
Home Drone: Amazon’s Ring Will Offer An Indoor Flying Camera For Constant Surveillance,forbes,2020-09-25 16:41:15,
Spotify Inks First Look Deal For Podcast Media Adaptations With Chernin Entertainment,forbes,2020-09-25 16:41:15,
Costco Earnings Show It Is Still In A Retail League Of Its Own,forbes,2020-09-25 16:41:15,
What Small Business Owners Should Know About Getting A Loan,forbes,2020-09-25 16:41:15,
Apple Boosts IPad Air Performance By 40%…And Other Small Business Tech News,forbes,2020-09-25 16:41:15,
5 Decisions That Will Increase Your Chances Of Building A Successful Startup,forbes,2020-09-25 16:41:15,
How Netflix’s Reed Hastings Rewrote The Hollywood Script,forbes,2020-09-25 16:41:15,
The Richest Hedge Fund Managers On The 2020 Forbes 400 List,forbes,2020-09-25 16:41:15,
Alice Walton And The 55 Other Richest Women In America,forbes,2020-09-25 16:41:15,
Best Credit Cards For United Flyers Of September 2020,forbes,2020-09-25 16:41:15,
How To Pay For College: 4 Ways To Fund Your Education Now,forbes,2020-09-25 16:41:15,
"6 High Value Trips You Can Take With 80,000 Chase Ultimate Reward Points",forbes,2020-09-25 16:41:15,
2020 Honda CR-V Review,forbes,2020-09-25 16:41:15,
2020 Subaru Outback Review,forbes,2020-09-25 16:41:15,
2020 Toyota Land Cruiser Review,forbes,2020-09-25 16:41:15,
Money,forbes,2020-09-25 16:41:15,
daily cover story,forbes,2020-09-25 16:41:15,
The Pandemic Plutocrats: How Covid Is Creating New Fintech Billionaires,forbes,2020-09-25 16:41:15,
Jeff Kauflin,forbes,2020-09-25 16:41:15,
Eliza Haverstock,forbes,2020-09-25 16:41:15,
,forbes,2020-09-25 16:41:15,
"The Inside Story Of Robinhood’s Billionaire Founders, Option Kid Cowboys And The Wall Street Sharks That Feed On Them",forbes,2020-09-25 16:41:15,
Jeff Kauflin,forbes,2020-09-25 16:41:15,
Antoine Gara,forbes,2020-09-25 16:41:15,
,forbes,2020-09-25 16:41:15,
"A Biden Victory And Split Congress Is Best For Stocks, But Here’s What Would Kill Markets After Election Night",forbes,2020-09-25 16:41:15,
Sergei Klebnikov,forbes,2020-09-25 16:41:15,
,forbes,2020-09-25 16:41:15,
"If You Sue Your Tax Advisor For Faulty Advice, Are The Proceeds Tax-Free Or Taxable Income?",forbes,2020-09-25 16:41:15,
Tony Nitti,forbes,2020-09-25 16:41:15,
,forbes,2020-09-25 16:41:15,
"Biden, Democratic Victories Would Be Best Outcome For The Economy, Moody’s Says",forbes,2020-09-25 16:41:15,
Sergei Klebnikov,forbes,2020-09-25 16:41:15,
,forbes,2020-09-25 16:41:15,
The Real State Of Unemployment Is Much Higher Than Official Numbers,forbes,2020-09-25 16:41:15,
Erik Sherman,forbes,2020-09-25 16:41:15,
WATCHNearly 500 National Security Officials Endorse Joe Biden,forbes,2020-09-25 16:41:15,
WATCH,forbes,2020-09-25 16:41:15,
Patreon's Founder On How To Structure Your Pitch To Investors| 4:26,forbes,2020-09-25 16:41:15,
WATCH,forbes,2020-09-25 16:41:15,
Dining Out Post-Covid: The Changes We Need With Danny Meyer | Steve Forbes: What's Ahead| 12:26,forbes,2020-09-25 16:41:15,
WATCH,forbes,2020-09-25 16:41:15,
The NFL's 5 Most-Valuable Teams| 2:28,forbes,2020-09-25 16:41:15,
Lifestyle,forbes,2020-09-25 16:41:15,
FAST AND LUXURIOUS,forbes,2020-09-25 16:41:15,
Meet The One-Of-A-Kind Ferrari Omologata,forbes,2020-09-25 16:41:15,
Alistair Charlton,forbes,2020-09-25 16:41:15,
,forbes,2020-09-25 16:41:15,
Vacheron Constantin Introduces New Heure Romantique Jewelry Watch For Women,forbes,2020-09-25 16:41:15,
Roberta Naas,forbes,2020-09-25 16:41:15,
,forbes,2020-09-25 16:41:15,
7 Spacious Indoor Dining Options In New York City,forbes,2020-09-25 16:41:15,
Tanya Klich,forbes,2020-09-25 16:41:15,
,forbes,2020-09-25 16:41:15,
How An L.A. Hotel Became A Must-Visit Spot During The Pandemic,forbes,2020-09-25 16:41:15,
Jennifer Kester,forbes,2020-09-25 16:41:15,
,forbes,2020-09-25 16:41:15,
Why Tom Hardy Would Make A Superb James Bond,forbes,2020-09-25 16:41:15,
Christopher Orr,forbes,2020-09-25 16:41:15,
,forbes,2020-09-25 16:41:15,
Psychedelic Drug Company MindMed Applies For Nasdaq Up-Listing,forbes,2020-09-25 16:41:15,
Will Yakowicz,forbes,2020-09-25 16:41:15,
Leadership,forbes,2020-09-25 16:41:15,
inside,forbes,2020-09-25 16:41:15,
Ruth Bader Ginsburg’s Indelible Mark On American Business,forbes,2020-09-25 16:41:15,
Maggie McGrath,forbes,2020-09-25 16:41:15,
Rachel Sandler,forbes,2020-09-25 16:41:15,
,forbes,2020-09-25 16:41:15,
Exclusive: Ruth Porat On Leading Through Crisis And Google’s Latest Moonshot To Rebuild The U.S. Economy—One Small Business At A Time,forbes,2020-09-25 16:41:15,
Maneet Ahuja,forbes,2020-09-25 16:41:15,
,forbes,2020-09-25 16:41:15,
Uber’s Hired A New Top Tech Leader From Amazon But Is Losing Its CIO,forbes,2020-09-25 16:41:15,
Martin Giles,forbes,2020-09-25 16:41:15,
,forbes,2020-09-25 16:41:15,
Warren Buffett’s BNSF Railway Names Kathryn Farmer First Female CEO Of Major Railroad,forbes,2020-09-25 16:41:15,
Samantha Todd,forbes,2020-09-25 16:41:15,
,forbes,2020-09-25 16:41:15,
"After Vowing Not To Make Job Cuts In 2020 Amid Covid-19, Citigroup Announces Layoffs",forbes,2020-09-25 16:41:15,
Jack Kelly,forbes,2020-09-25 16:41:15,
,forbes,2020-09-25 16:41:15,
Exclusive: The Billionaire Who Wanted To Die Broke . . . Is Now Officially Broke,forbes,2020-09-25 16:41:15,
Steven Bertoni,forbes,2020-09-25 16:41:15,
Innovation,forbes,2020-09-25 16:41:15,
inside,forbes,2020-09-25 16:41:15,
Amazon Promises Faster Speeds In Redesigned Echo Device,forbes,2020-09-25 16:41:15,
Rachel Sandler,forbes,2020-09-25 16:41:15,
,forbes,2020-09-25 16:41:15,
The Pandemic Plutocrats: How Covid Is Creating New Fintech Billionaires,forbes,2020-09-25 16:41:15,
Jeff Kauflin,forbes,2020-09-25 16:41:15,
Eliza Haverstock,forbes,2020-09-25 16:41:15,
,forbes,2020-09-25 16:41:15,
Loud Calls For Global Shipping To Ditch Fossil Fuels And Meet Climate Goals,forbes,2020-09-25 16:41:15,
Nishan Degnarain,forbes,2020-09-25 16:41:15,
,forbes,2020-09-25 16:41:15,
YouTube Expands Efforts To Combat Mail-In Voting Misinformation,forbes,2020-09-25 16:41:15,
Alison Durkee,forbes,2020-09-25 16:41:15,
,forbes,2020-09-25 16:41:15,
Hootsuite Drops ICE Contract After Employee Backlash,forbes,2020-09-25 16:41:15,
Rachel Sandler,forbes,2020-09-25 16:41:15,
,forbes,2020-09-25 16:41:15,
"Kevin Vasconi, The CIO Who Helped Turn $16 Billion Domino’s Pizza Into A Digital Success Story, Is Leaving The Company",forbes,2020-09-25 16:41:15,
Martin Giles,forbes,2020-09-25 16:41:15,
Business,forbes,2020-09-25 16:41:15,
Legacy,forbes,2020-09-25 16:41:15,
Ruth Bader Ginsburg’s Indelible Mark On American Business,forbes,2020-09-25 16:41:15,
Maggie McGrath,forbes,2020-09-25 16:41:15,
Rachel Sandler,forbes,2020-09-25 16:41:15,
,forbes,2020-09-25 16:41:15,
ChargePoint Plans NYSE Listing To Expand Its Network As EV Sales Grow,forbes,2020-09-25 16:41:15,
Alan Ohnsman,forbes,2020-09-25 16:41:15,
,forbes,2020-09-25 16:41:15,
Restaurant Chains Big And Small Are Encouraging Employees To Get Out The Vote,forbes,2020-09-25 16:41:15,
Alicia Kelso,forbes,2020-09-25 16:41:15,
,forbes,2020-09-25 16:41:15,
Home Drone: Amazon’s Ring Will Offer An Indoor Flying Camera For Constant Surveillance,forbes,2020-09-25 16:41:15,
Joe Walsh,forbes,2020-09-25 16:41:15,
,forbes,2020-09-25 16:41:15,
Spotify Inks First Look Deal For Podcast Media Adaptations With Chernin Entertainment,forbes,2020-09-25 16:41:15,
Rob Salkowitz,forbes,2020-09-25 16:41:15,
,forbes,2020-09-25 16:41:15,
Costco Earnings Show It Is Still In A Retail League Of Its Own,forbes,2020-09-25 16:41:15,
Andria Cheng,forbes,2020-09-25 16:41:15,
Small Business,forbes,2020-09-25 16:41:15,
inside,forbes,2020-09-25 16:41:15,
Exclusive: Ruth Porat On Leading Through Crisis And Google’s Latest Moonshot To Rebuild The U.S. Economy—One Small Business At A Time,forbes,2020-09-25 16:41:15,
Maneet Ahuja,forbes,2020-09-25 16:41:15,
,forbes,2020-09-25 16:41:15,
In Search Of The Next 1000: The Entrepreneurs Creating Their Own American Dreams,forbes,2020-09-25 16:41:15,
Randall Lane,forbes,2020-09-25 16:41:15,
,forbes,2020-09-25 16:41:15,
"Small Businesses Are Closing At A Rapid Pace, With Restaurants And Retailers On The West Coast Among The Hardest Hit",forbes,2020-09-25 16:41:15,
Christian Kreznar,forbes,2020-09-25 16:41:15,
,forbes,2020-09-25 16:41:15,
What Small Business Owners Should Know About Getting A Loan,forbes,2020-09-25 16:41:15,
Serenity Gibbons,forbes,2020-09-25 16:41:15,
,forbes,2020-09-25 16:41:15,
Apple Boosts IPad Air Performance By 40%…And Other Small Business Tech News,forbes,2020-09-25 16:41:15,
Gene Marks,forbes,2020-09-25 16:41:15,
,forbes,2020-09-25 16:41:15,
5 Decisions That Will Increase Your Chances Of Building A Successful Startup,forbes,2020-09-25 16:41:15,
Abdo Riani,forbes,2020-09-25 16:41:15,
Billionaires,forbes,2020-09-25 16:41:15,
lists,forbes,2020-09-25 16:41:15,
Billionaires On The Brink: How The Forbes 400 Makes And Loses Billions During Market Crashes,forbes,2020-09-25 16:41:15,
Chase Peterson-Withorn,forbes,2020-09-25 16:41:15,
,forbes,2020-09-25 16:41:15,
Billionaire Backers: Explore The Big Money Behind Biden & Trump,forbes,2020-09-25 16:41:15,
Michela Tindera,forbes,2020-09-25 16:41:15,
,forbes,2020-09-25 16:41:15,
The New Forbes Philanthropy Score: How We Ranked Each Forbes 400 Billionaire Based On Their Giving,forbes,2020-09-25 16:41:15,
Jennifer Wang,forbes,2020-09-25 16:41:15,
,forbes,2020-09-25 16:41:15,
How Netflix’s Reed Hastings Rewrote The Hollywood Script,forbes,2020-09-25 16:41:15,
Dawn Chmielewski,forbes,2020-09-25 16:41:15,
,forbes,2020-09-25 16:41:15,
The Richest Hedge Fund Managers On The 2020 Forbes 400 List,forbes,2020-09-25 16:41:15,
Jonathan Ponciano,forbes,2020-09-25 16:41:15,
,forbes,2020-09-25 16:41:15,
Alice Walton And The 55 Other Richest Women In America,forbes,2020-09-25 16:41:15,
Ariel Shapiro,forbes,2020-09-25 16:41:15,
Advisor,forbes,2020-09-25 16:41:15,
,forbes,2020-09-25 16:41:15,
"After The Covid-19 Deluge, A Bankruptcy Tidal Wave?",forbes,2020-09-25 16:41:15,
Mark Henricks,forbes,2020-09-25 16:41:15,
Daphne Foreman,forbes,2020-09-25 16:41:15,
,forbes,2020-09-25 16:41:15,
Top 4 Retirement Worries—And How To Handle Them,forbes,2020-09-25 16:41:15,
E. Napoletano,forbes,2020-09-25 16:41:15,
,forbes,2020-09-25 16:41:15,
Ruth Bader Ginsburg’s Key Cases That Paved The Way For Financial Equality,forbes,2020-09-25 16:41:15,
Kelly Anne Smith,forbes,2020-09-25 16:41:15,
,forbes,2020-09-25 16:41:15,
Best Credit Cards For United Flyers Of September 2020,forbes,2020-09-25 16:41:15,
Dia Adams,forbes,2020-09-25 16:41:15,
,forbes,2020-09-25 16:41:15,
How To Pay For College: 4 Ways To Fund Your Education Now,forbes,2020-09-25 16:41:15,
Dori Zinn,forbes,2020-09-25 16:41:15,
,forbes,2020-09-25 16:41:15,
"6 High Value Trips You Can Take With 80,000 Chase Ultimate Reward Points",forbes,2020-09-25 16:41:15,
Becky Pokora,forbes,2020-09-25 16:41:15,
Wheels,forbes,2020-09-25 16:41:15,
,forbes,2020-09-25 16:41:15,
Volkswagen’s 2021 All-Electric ID.4 Is Gunning For Gas-Powered Rivals,forbes,2020-09-25 16:41:15,
Carly Schaffner,forbes,2020-09-25 16:41:15,
,forbes,2020-09-25 16:41:15,
First Drive: 2021 Porsche Panamera 4S E-Hybrid,forbes,2020-09-25 16:41:15,
Andrew Wendler,forbes,2020-09-25 16:41:15,
,forbes,2020-09-25 16:41:15,
"2021 Jaguar F-Pace Debuts: More Grace, Same Space",forbes,2020-09-25 16:41:15,
Clifford Atiyeh,forbes,2020-09-25 16:41:15,
,forbes,2020-09-25 16:41:15,
2020 Honda CR-V Review,forbes,2020-09-25 16:41:15,
Forbes Wheels Staff,forbes,2020-09-25 16:41:15,
,forbes,2020-09-25 16:41:15,
2020 Subaru Outback Review,forbes,2020-09-25 16:41:15,
Forbes Wheels Staff,forbes,2020-09-25 16:41:15,
,forbes,2020-09-25 16:41:15,
2020 Toyota Land Cruiser Review,forbes,2020-09-25 16:41:15,
Forbes Wheels Staff,forbes,2020-09-25 16:41:15,
,forbes,2020-09-25 16:41:15,
Great Customer Service Requires A Smarter Workflow,forbes,2020-09-25 16:41:15,
,forbes,2020-09-25 16:41:15,
Time Trusted—How eBay Is Making The Online Luxury Watch Market Safe And Secure,forbes,2020-09-25 16:41:15,
,forbes,2020-09-25 16:41:15,
Small Business Advisory Team,forbes,2020-09-25 16:41:15,
,forbes,2020-09-25 16:41:15,
"The Doctor Will See You Now, Virtually",forbes,2020-09-25 16:41:15,
,forbes,2020-09-25 16:41:15,
30 Under 30: A Decade Of Disruption,forbes,2020-09-25 16:41:15,
Money,forbes,2020-09-25 16:41:15,
daily cover story,forbes,2020-09-25 16:41:15,
The Pandemic Plutocrats: How Covid Is Creating New Fintech Billionaires,forbes,2020-09-25 16:41:15,
Jeff Kauflin,forbes,2020-09-25 16:41:15,
Eliza Haverstock,forbes,2020-09-25 16:41:15,
,forbes,2020-09-25 16:41:15,
"The Inside Story Of Robinhood’s Billionaire Founders, Option Kid Cowboys And The Wall Street Sharks That Feed On Them",forbes,2020-09-25 16:41:15,
Jeff Kauflin,forbes,2020-09-25 16:41:15,
Antoine Gara,forbes,2020-09-25 16:41:15,
,forbes,2020-09-25 16:41:15,
"A Biden Victory And Split Congress Is Best For Stocks, But Here’s What Would Kill Markets After Election Night",forbes,2020-09-25 16:41:15,
Sergei Klebnikov,forbes,2020-09-25 16:41:15,
,forbes,2020-09-25 16:41:15,
"If You Sue Your Tax Advisor For Faulty Advice, Are The Proceeds Tax-Free Or Taxable Income?",forbes,2020-09-25 16:41:15,
Tony Nitti,forbes,2020-09-25 16:41:15,
,forbes,2020-09-25 16:41:15,
"Biden, Democratic Victories Would Be Best Outcome For The Economy, Moody’s Says",forbes,2020-09-25 16:41:15,
Sergei Klebnikov,forbes,2020-09-25 16:41:15,
,forbes,2020-09-25 16:41:15,
The Real State Of Unemployment Is Much Higher Than Official Numbers,forbes,2020-09-25 16:41:15,
Erik Sherman,forbes,2020-09-25 16:41:15,
WATCHNearly 500 National Security Officials Endorse Joe Biden,forbes,2020-09-25 16:41:15,
WATCH,forbes,2020-09-25 16:41:15,
Patreon's Founder On How To Structure Your Pitch To Investors| 4:26,forbes,2020-09-25 16:41:15,
WATCH,forbes,2020-09-25 16:41:15,
Dining Out Post-Covid: The Changes We Need With Danny Meyer | Steve Forbes: What's Ahead| 12:26,forbes,2020-09-25 16:41:15,
WATCH,forbes,2020-09-25 16:41:15,
The NFL's 5 Most-Valuable Teams| 2:28,forbes,2020-09-25 16:41:15,
Lifestyle,forbes,2020-09-25 16:41:15,
FAST AND LUXURIOUS,forbes,2020-09-25 16:41:15,
Meet The One-Of-A-Kind Ferrari Omologata,forbes,2020-09-25 16:41:15,
Alistair Charlton,forbes,2020-09-25 16:41:15,
,forbes,2020-09-25 16:41:15,
Vacheron Constantin Introduces New Heure Romantique Jewelry Watch For Women,forbes,2020-09-25 16:41:15,
Roberta Naas,forbes,2020-09-25 16:41:15,
,forbes,2020-09-25 16:41:15,
7 Spacious Indoor Dining Options In New York City,forbes,2020-09-25 16:41:15,
Tanya Klich,forbes,2020-09-25 16:41:15,
,forbes,2020-09-25 16:41:15,
How An L.A. Hotel Became A Must-Visit Spot During The Pandemic,forbes,2020-09-25 16:41:15,
Jennifer Kester,forbes,2020-09-25 16:41:15,
,forbes,2020-09-25 16:41:15,
Why Tom Hardy Would Make A Superb James Bond,forbes,2020-09-25 16:41:15,
Christopher Orr,forbes,2020-09-25 16:41:15,
,forbes,2020-09-25 16:41:15,
Psychedelic Drug Company MindMed Applies For Nasdaq Up-Listing,forbes,2020-09-25 16:41:15,
Will Yakowicz,forbes,2020-09-25 16:41:15,
Leadership,forbes,2020-09-25 16:41:15,
inside,forbes,2020-09-25 16:41:15,
Ruth Bader Ginsburg’s Indelible Mark On American Business,forbes,2020-09-25 16:41:15,
Maggie McGrath,forbes,2020-09-25 16:41:15,
Rachel Sandler,forbes,2020-09-25 16:41:15,
,forbes,2020-09-25 16:41:15,
Exclusive: Ruth Porat On Leading Through Crisis And Google’s Latest Moonshot To Rebuild The U.S. Economy—One Small Business At A Time,forbes,2020-09-25 16:41:15,
Maneet Ahuja,forbes,2020-09-25 16:41:15,
,forbes,2020-09-25 16:41:15,
Uber’s Hired A New Top Tech Leader From Amazon But Is Losing Its CIO,forbes,2020-09-25 16:41:15,
Martin Giles,forbes,2020-09-25 16:41:15,
,forbes,2020-09-25 16:41:15,
Warren Buffett’s BNSF Railway Names Kathryn Farmer First Female CEO Of Major Railroad,forbes,2020-09-25 16:41:15,
Samantha Todd,forbes,2020-09-25 16:41:15,
,forbes,2020-09-25 16:41:15,
"After Vowing Not To Make Job Cuts In 2020 Amid Covid-19, Citigroup Announces Layoffs",forbes,2020-09-25 16:41:15,
Jack Kelly,forbes,2020-09-25 16:41:15,
,forbes,2020-09-25 16:41:15,
Exclusive: The Billionaire Who Wanted To Die Broke . . . Is Now Officially Broke,forbes,2020-09-25 16:41:15,
Steven Bertoni,forbes,2020-09-25 16:41:15,
Innovation,forbes,2020-09-25 16:41:15,
inside,forbes,2020-09-25 16:41:15,
Amazon Promises Faster Speeds In Redesigned Echo Device,forbes,2020-09-25 16:41:15,
Rachel Sandler,forbes,2020-09-25 16:41:15,
,forbes,2020-09-25 16:41:15,
The Pandemic Plutocrats: How Covid Is Creating New Fintech Billionaires,forbes,2020-09-25 16:41:15,
Jeff Kauflin,forbes,2020-09-25 16:41:15,
Eliza Haverstock,forbes,2020-09-25 16:41:15,
,forbes,2020-09-25 16:41:15,
Loud Calls For Global Shipping To Ditch Fossil Fuels And Meet Climate Goals,forbes,2020-09-25 16:41:15,
Nishan Degnarain,forbes,2020-09-25 16:41:15,
,forbes,2020-09-25 16:41:15,
YouTube Expands Efforts To Combat Mail-In Voting Misinformation,forbes,2020-09-25 16:41:15,
Alison Durkee,forbes,2020-09-25 16:41:15,
,forbes,2020-09-25 16:41:15,
Hootsuite Drops ICE Contract After Employee Backlash,forbes,2020-09-25 16:41:15,
Rachel Sandler,forbes,2020-09-25 16:41:15,
,forbes,2020-09-25 16:41:15,
"Kevin Vasconi, The CIO Who Helped Turn $16 Billion Domino’s Pizza Into A Digital Success Story, Is Leaving The Company",forbes,2020-09-25 16:41:15,
Martin Giles,forbes,2020-09-25 16:41:15,
Business,forbes,2020-09-25 16:41:15,
Legacy,forbes,2020-09-25 16:41:15,
Ruth Bader Ginsburg’s Indelible Mark On American Business,forbes,2020-09-25 16:41:15,
Maggie McGrath,forbes,2020-09-25 16:41:15,
Rachel Sandler,forbes,2020-09-25 16:41:15,
,forbes,2020-09-25 16:41:15,
ChargePoint Plans NYSE Listing To Expand Its Network As EV Sales Grow,forbes,2020-09-25 16:41:15,
Alan Ohnsman,forbes,2020-09-25 16:41:15,
,forbes,2020-09-25 16:41:15,
Restaurant Chains Big And Small Are Encouraging Employees To Get Out The Vote,forbes,2020-09-25 16:41:15,
Alicia Kelso,forbes,2020-09-25 16:41:15,
,forbes,2020-09-25 16:41:15,
Home Drone: Amazon’s Ring Will Offer An Indoor Flying Camera For Constant Surveillance,forbes,2020-09-25 16:41:15,
Joe Walsh,forbes,2020-09-25 16:41:15,
,forbes,2020-09-25 16:41:15,
Spotify Inks First Look Deal For Podcast Media Adaptations With Chernin Entertainment,forbes,2020-09-25 16:41:15,
Rob Salkowitz,forbes,2020-09-25 16:41:15,
,forbes,2020-09-25 16:41:15,
Costco Earnings Show It Is Still In A Retail League Of Its Own,forbes,2020-09-25 16:41:15,
Andria Cheng,forbes,2020-09-25 16:41:15,
Small Business,forbes,2020-09-25 16:41:15,
inside,forbes,2020-09-25 16:41:15,
Exclusive: Ruth Porat On Leading Through Crisis And Google’s Latest Moonshot To Rebuild The U.S. Economy—One Small Business At A Time,forbes,2020-09-25 16:41:15,
Maneet Ahuja,forbes,2020-09-25 16:41:15,
,forbes,2020-09-25 16:41:15,
In Search Of The Next 1000: The Entrepreneurs Creating Their Own American Dreams,forbes,2020-09-25 16:41:15,
Randall Lane,forbes,2020-09-25 16:41:15,
,forbes,2020-09-25 16:41:15,
"Small Businesses Are Closing At A Rapid Pace, With Restaurants And Retailers On The West Coast Among The Hardest Hit",forbes,2020-09-25 16:41:15,
Christian Kreznar,forbes,2020-09-25 16:41:15,
,forbes,2020-09-25 16:41:15,
What Small Business Owners Should Know About Getting A Loan,forbes,2020-09-25 16:41:15,
Serenity Gibbons,forbes,2020-09-25 16:41:15,
,forbes,2020-09-25 16:41:15,
Apple Boosts IPad Air Performance By 40%…And Other Small Business Tech News,forbes,2020-09-25 16:41:15,
Gene Marks,forbes,2020-09-25 16:41:15,
,forbes,2020-09-25 16:41:15,
5 Decisions That Will Increase Your Chances Of Building A Successful Startup,forbes,2020-09-25 16:41:15,
Abdo Riani,forbes,2020-09-25 16:41:15,
Billionaires,forbes,2020-09-25 16:41:15,
lists,forbes,2020-09-25 16:41:15,
Billionaires On The Brink: How The Forbes 400 Makes And Loses Billions During Market Crashes,forbes,2020-09-25 16:41:15,
Chase Peterson-Withorn,forbes,2020-09-25 16:41:15,
,forbes,2020-09-25 16:41:15,
Billionaire Backers: Explore The Big Money Behind Biden & Trump,forbes,2020-09-25 16:41:15,
Michela Tindera,forbes,2020-09-25 16:41:15,
,forbes,2020-09-25 16:41:15,
The New Forbes Philanthropy Score: How We Ranked Each Forbes 400 Billionaire Based On Their Giving,forbes,2020-09-25 16:41:15,
Jennifer Wang,forbes,2020-09-25 16:41:15,
,forbes,2020-09-25 16:41:15,
How Netflix’s Reed Hastings Rewrote The Hollywood Script,forbes,2020-09-25 16:41:15,
Dawn Chmielewski,forbes,2020-09-25 16:41:15,
,forbes,2020-09-25 16:41:15,
The Richest Hedge Fund Managers On The 2020 Forbes 400 List,forbes,2020-09-25 16:41:15,
Jonathan Ponciano,forbes,2020-09-25 16:41:15,
,forbes,2020-09-25 16:41:15,
Alice Walton And The 55 Other Richest Women In America,forbes,2020-09-25 16:41:15,
Ariel Shapiro,forbes,2020-09-25 16:41:15,
Advisor,forbes,2020-09-25 16:41:15,
,forbes,2020-09-25 16:41:15,
"After The Covid-19 Deluge, A Bankruptcy Tidal Wave?",forbes,2020-09-25 16:41:15,
Mark Henricks,forbes,2020-09-25 16:41:15,
Daphne Foreman,forbes,2020-09-25 16:41:15,
,forbes,2020-09-25 16:41:15,
Top 4 Retirement Worries—And How To Handle Them,forbes,2020-09-25 16:41:15,
E. Napoletano,forbes,2020-09-25 16:41:15,
,forbes,2020-09-25 16:41:15,
Ruth Bader Ginsburg’s Key Cases That Paved The Way For Financial Equality,forbes,2020-09-25 16:41:15,
Kelly Anne Smith,forbes,2020-09-25 16:41:15,
,forbes,2020-09-25 16:41:15,
Best Credit Cards For United Flyers Of September 2020,forbes,2020-09-25 16:41:15,
Dia Adams,forbes,2020-09-25 16:41:15,
,forbes,2020-09-25 16:41:15,
How To Pay For College: 4 Ways To Fund Your Education Now,forbes,2020-09-25 16:41:15,
Dori Zinn,forbes,2020-09-25 16:41:15,
,forbes,2020-09-25 16:41:15,
"6 High Value Trips You Can Take With 80,000 Chase Ultimate Reward Points",forbes,2020-09-25 16:41:15,
Becky Pokora,forbes,2020-09-25 16:41:15,
Wheels,forbes,2020-09-25 16:41:15,
,forbes,2020-09-25 16:41:15,
Volkswagen’s 2021 All-Electric ID.4 Is Gunning For Gas-Powered Rivals,forbes,2020-09-25 16:41:15,
Carly Schaffner,forbes,2020-09-25 16:41:15,
,forbes,2020-09-25 16:41:15,
First Drive: 2021 Porsche Panamera 4S E-Hybrid,forbes,2020-09-25 16:41:15,
Andrew Wendler,forbes,2020-09-25 16:41:15,
,forbes,2020-09-25 16:41:15,
"2021 Jaguar F-Pace Debuts: More Grace, Same Space",forbes,2020-09-25 16:41:15,
Clifford Atiyeh,forbes,2020-09-25 16:41:15,
,forbes,2020-09-25 16:41:15,
2020 Honda CR-V Review,forbes,2020-09-25 16:41:15,
Forbes Wheels Staff,forbes,2020-09-25 16:41:15,
,forbes,2020-09-25 16:41:15,
2020 Subaru Outback Review,forbes,2020-09-25 16:41:15,
Forbes Wheels Staff,forbes,2020-09-25 16:41:15,
,forbes,2020-09-25 16:41:15,
2020 Toyota Land Cruiser Review,forbes,2020-09-25 16:41:15,
Forbes Wheels Staff,forbes,2020-09-25 16:41:15,
"What should investors worry about in 2018? Here’s a big, fat list of risk factors",marketwatch,2020-09-25 16:47:56,
"What should investors worry about in 2018? Here’s a big, fat list of risk factors",marketwatch,2020-09-25 16:47:56,
7 cryptocurrencies to watch in 2018 if you’re on the hunt for the next bitcoin,marketwatch,2020-09-25 16:47:56,
This $1 million house is the first to be sold on the blockchain in the U.S.,marketwatch,2020-09-25 16:47:56,
Wave of protests in Iran poses mounting challenge to government,marketwatch,2020-09-25 16:47:56,
Trump closes out 10-day stay at Mar-a-Lago with tweets on Iran and Pakistan and a Trumpian new year’s greeting,marketwatch,2020-09-25 16:47:56,
Divorce after 50: What I wish I had known beforehand,marketwatch,2020-09-25 16:47:56,
"‘The Last Jedi’ becomes 2017’s top domestic movie, hits $1 billion worldwide",marketwatch,2020-09-25 16:47:56,
Roberts says courts must better protect workers from sexual harassment,marketwatch,2020-09-25 16:47:56,
Hiring like it’s 1999: U.S. jobs market hasn’t been this good in decades,marketwatch,2020-09-25 16:47:56,
9 New Year’s resolutions for the nearly retired,marketwatch,2020-09-25 16:47:56,
"PricewaterhouseCoopers was negligent in bank’s failure, judge rules",marketwatch,2020-09-25 16:47:56,
7 cryptocurrencies to watch in 2018 if you’re on the hunt for the next bitcoin,marketwatch,2020-09-25 16:47:56,
"Biggest Dow winners and losers in 2017: Boeing soars to record levels, GE slumps",marketwatch,2020-09-25 16:47:56,
Divorce after 50: What I wish I had known beforehand,marketwatch,2020-09-25 16:47:56,
"What should investors worry about in 2018? Here’s a big, fat list of risk factors",marketwatch,2020-09-25 16:47:56,
What to do in your 40s to retire a millionaire,marketwatch,2020-09-25 16:47:56,
"These side hustles can pay $100,000 a year",marketwatch,2020-09-25 16:47:56,
Here’s what all 30 companies that make up the Dow industrials think about the tax cuts,marketwatch,2020-09-25 16:47:56,
"Biggest S&P 500 winners and losers of 2017: Tech, health care and home builders lead",marketwatch,2020-09-25 16:47:56,
"18 predictions for 2018 on the stock market, FAANGs and bitcoin",marketwatch,2020-09-25 16:47:56,
John Grisham: 'Day of reckoning' coming for student debt,marketwatch,2020-09-25 16:47:56,
"Biggest S&P 500 winners and losers of 2017: Tech, health care and home builders lead",marketwatch,2020-09-25 16:47:56,
"What should investors worry about in 2018? Here’s a big, fat list of risk factors",marketwatch,2020-09-25 16:47:56,
The ones that got away: Twitter’s big financial names dish on their 2017 investment regrets,marketwatch,2020-09-25 16:47:56,
"The big calls for 2018 from Josh Brown, Raoul Pal and other finance pundits on Twitter",marketwatch,2020-09-25 16:47:56,
Stocks end otherwise stellar 2017 on a down note ,marketwatch,2020-09-25 16:47:56,
Oil prices close 2017 at 2½-year high above $60,marketwatch,2020-09-25 16:47:56,
"PricewaterhouseCoopers was negligent in Alabama bank’s failure, judge rules",marketwatch,2020-09-25 16:47:56,
"Will the bull market for stocks finally end in 2018? If so, blame the credit market bubble",marketwatch,2020-09-25 16:47:56,
"Biggest Dow winners and losers in 2017: Boeing soars to record levels, GE slumps",marketwatch,2020-09-25 16:47:56,
"Biggest Nasdaq winners and losers in 2017:  Chip makers, videogame publishers lead tech",marketwatch,2020-09-25 16:47:56,
How ‘Bright’ on Netflix compares to some of the biggest theatrical openings of 2017,marketwatch,2020-09-25 16:47:56,
"AI in 2018: Apple is acquiring knowledge, but results may take a while",marketwatch,2020-09-25 16:47:56,
The most valuable holiday gift of all for 2018— a lesson in financial literacy,marketwatch,2020-09-25 16:47:56,
Tesla Will Disappoint Again. Here’s Why You Shouldn’t Care.,marketwatch,2020-09-25 16:47:56,
"Spotify IPO, Google Android Setback, Among RBC’s 2018 ‘Surprises’",marketwatch,2020-09-25 16:47:56,
Crash & Burn? How Bitcoin Could Sink Stocks…Or Send Them to the Moon,marketwatch,2020-09-25 16:47:56,
Tech Stocks Lead Asia Markets Higher,marketwatch,2020-09-25 16:47:56,
"1 deputy killed, 4 wounded in shooting near Denver",marketwatch,2020-09-25 16:47:56,
North Korea’s Kim Jong Un says he has a nuclear launch button on his desk,marketwatch,2020-09-25 16:47:56,
Pakistan’s foreign minister promises response to apparent Trump threat,marketwatch,2020-09-25 16:47:56,
Trump closes out 10-day stay at Mar-a-Lago with tweets on Iran and Pakistan and a Trumpian new year’s greeting ,marketwatch,2020-09-25 16:47:56,
"Trump wishes happy new year to supporters, ‘enemies,’ ‘haters’ and even the media",marketwatch,2020-09-25 16:47:56,
Wave of protests in Iran poses mounting challenge to government,marketwatch,2020-09-25 16:47:56,
"No, you probably shouldn’t rush out and prepay your 2018 property taxes",marketwatch,2020-09-25 16:47:56,
New year brings minimum-wage increases to 18 states,marketwatch,2020-09-25 16:47:56,
This is the staggering amount Americans paid in rent in 2017,marketwatch,2020-09-25 16:47:56,
These Americans are most likely to receive opioid prescriptions,marketwatch,2020-09-25 16:47:56,
$1 billion in gift cards go unused every year — here’s how to avoid that,marketwatch,2020-09-25 16:47:56,
My mother lives in poverty and spends everything I give her — should I stop paying her debts?,marketwatch,2020-09-25 16:47:56,
"What should I do with the $300,000 I am about to inherit?",marketwatch,2020-09-25 16:47:56,
"My brother stole my $110,000 inheritance by altering our mother’s will",marketwatch,2020-09-25 16:47:56,
Should jewelry only be passed down to female family members?,marketwatch,2020-09-25 16:47:56,
How to make 60 the new 30 ,marketwatch,2020-09-25 16:47:56,
10 ways to get more happiness out of your money,marketwatch,2020-09-25 16:47:56,
10 questions to ask yourself before you buy — or sell — a house,marketwatch,2020-09-25 16:47:56,
Divorce after 50: What I wish I had known beforehand,marketwatch,2020-09-25 16:47:56,
This is the staggering amount Americans paid in rent in 2017,marketwatch,2020-09-25 16:47:56,
Here’s what all 30 companies that make up the Dow industrials think about the tax cuts,marketwatch,2020-09-25 16:47:56,
10 questions to ask yourself before you buy — or sell — a house,marketwatch,2020-09-25 16:47:56,
This $1 million house is the first to be sold on the blockchain in the U.S.,marketwatch,2020-09-25 16:47:56,
Top 10 tax changes for business owners,marketwatch,2020-09-25 16:47:56,
London’s Real Estate Insiders See ‘Redressing’ and Realistic Pricing as Key for Early 2018,marketwatch,2020-09-25 16:47:56,
"A Ski-In, Ski-Out Home in Aspen That Hosted John Denver",marketwatch,2020-09-25 16:47:56,
"Wealthy Millennials Are Changing the World, Says Sotheby’s International Realty’s Marketing Chief",marketwatch,2020-09-25 16:47:56,
2018: The Year Ahead in Luxury Real Estate,marketwatch,2020-09-25 16:47:56,
"What should investors worry about in 2018? Here’s a big, fat list of risk factors",marketwatch,2020-09-25 16:47:56,
"What should investors worry about in 2018? Here’s a big, fat list of risk factors",marketwatch,2020-09-25 16:47:56,
7 cryptocurrencies to watch in 2018 if you’re on the hunt for the next bitcoin,marketwatch,2020-09-25 16:47:56,
This $1 million house is the first to be sold on the blockchain in the U.S.,marketwatch,2020-09-25 16:47:56,
Wave of protests in Iran poses mounting challenge to government,marketwatch,2020-09-25 16:47:56,
Trump closes out 10-day stay at Mar-a-Lago with tweets on Iran and Pakistan and a Trumpian new year’s greeting,marketwatch,2020-09-25 16:47:56,
Divorce after 50: What I wish I had known beforehand,marketwatch,2020-09-25 16:47:56,
"‘The Last Jedi’ becomes 2017’s top domestic movie, hits $1 billion worldwide",marketwatch,2020-09-25 16:47:56,
Roberts says courts must better protect workers from sexual harassment,marketwatch,2020-09-25 16:47:56,
Hiring like it’s 1999: U.S. jobs market hasn’t been this good in decades,marketwatch,2020-09-25 16:47:56,
9 New Year’s resolutions for the nearly retired,marketwatch,2020-09-25 16:47:56,
"PricewaterhouseCoopers was negligent in bank’s failure, judge rules",marketwatch,2020-09-25 16:47:56,
7 cryptocurrencies to watch in 2018 if you’re on the hunt for the next bitcoin,marketwatch,2020-09-25 16:47:56,
"Biggest Dow winners and losers in 2017: Boeing soars to record levels, GE slumps",marketwatch,2020-09-25 16:47:56,
Divorce after 50: What I wish I had known beforehand,marketwatch,2020-09-25 16:47:56,
"What should investors worry about in 2018? Here’s a big, fat list of risk factors",marketwatch,2020-09-25 16:47:56,
What to do in your 40s to retire a millionaire,marketwatch,2020-09-25 16:47:56,
"These side hustles can pay $100,000 a year",marketwatch,2020-09-25 16:47:56,
Here’s what all 30 companies that make up the Dow industrials think about the tax cuts,marketwatch,2020-09-25 16:47:56,
"Biggest S&P 500 winners and losers of 2017: Tech, health care and home builders lead",marketwatch,2020-09-25 16:47:56,
"18 predictions for 2018 on the stock market, FAANGs and bitcoin",marketwatch,2020-09-25 16:47:56,
John Grisham: 'Day of reckoning' coming for student debt,marketwatch,2020-09-25 16:47:56,
"Biggest S&P 500 winners and losers of 2017: Tech, health care and home builders lead",marketwatch,2020-09-25 16:47:56,
"What should investors worry about in 2018? Here’s a big, fat list of risk factors",marketwatch,2020-09-25 16:47:56,
The ones that got away: Twitter’s big financial names dish on their 2017 investment regrets,marketwatch,2020-09-25 16:47:56,
"The big calls for 2018 from Josh Brown, Raoul Pal and other finance pundits on Twitter",marketwatch,2020-09-25 16:47:56,
Stocks end otherwise stellar 2017 on a down note ,marketwatch,2020-09-25 16:47:56,
Oil prices close 2017 at 2½-year high above $60,marketwatch,2020-09-25 16:47:56,
"PricewaterhouseCoopers was negligent in Alabama bank’s failure, judge rules",marketwatch,2020-09-25 16:47:56,
"Will the bull market for stocks finally end in 2018? If so, blame the credit market bubble",marketwatch,2020-09-25 16:47:56,
"Biggest Dow winners and losers in 2017: Boeing soars to record levels, GE slumps",marketwatch,2020-09-25 16:47:56,
"Biggest Nasdaq winners and losers in 2017:  Chip makers, videogame publishers lead tech",marketwatch,2020-09-25 16:47:56,
How ‘Bright’ on Netflix compares to some of the biggest theatrical openings of 2017,marketwatch,2020-09-25 16:47:56,
"AI in 2018: Apple is acquiring knowledge, but results may take a while",marketwatch,2020-09-25 16:47:56,
The most valuable holiday gift of all for 2018— a lesson in financial literacy,marketwatch,2020-09-25 16:47:56,
Tesla Will Disappoint Again. Here’s Why You Shouldn’t Care.,marketwatch,2020-09-25 16:47:56,
"Spotify IPO, Google Android Setback, Among RBC’s 2018 ‘Surprises’",marketwatch,2020-09-25 16:47:56,
Crash & Burn? How Bitcoin Could Sink Stocks…Or Send Them to the Moon,marketwatch,2020-09-25 16:47:56,
Tech Stocks Lead Asia Markets Higher,marketwatch,2020-09-25 16:47:56,
"1 deputy killed, 4 wounded in shooting near Denver",marketwatch,2020-09-25 16:47:56,
North Korea’s Kim Jong Un says he has a nuclear launch button on his desk,marketwatch,2020-09-25 16:47:56,
Pakistan’s foreign minister promises response to apparent Trump threat,marketwatch,2020-09-25 16:47:56,
Trump closes out 10-day stay at Mar-a-Lago with tweets on Iran and Pakistan and a Trumpian new year’s greeting ,marketwatch,2020-09-25 16:47:56,
"Trump wishes happy new year to supporters, ‘enemies,’ ‘haters’ and even the media",marketwatch,2020-09-25 16:47:56,
Wave of protests in Iran poses mounting challenge to government,marketwatch,2020-09-25 16:47:56,
"No, you probably shouldn’t rush out and prepay your 2018 property taxes",marketwatch,2020-09-25 16:47:56,
New year brings minimum-wage increases to 18 states,marketwatch,2020-09-25 16:47:56,
This is the staggering amount Americans paid in rent in 2017,marketwatch,2020-09-25 16:47:56,
These Americans are most likely to receive opioid prescriptions,marketwatch,2020-09-25 16:47:56,
$1 billion in gift cards go unused every year — here’s how to avoid that,marketwatch,2020-09-25 16:47:56,
My mother lives in poverty and spends everything I give her — should I stop paying her debts?,marketwatch,2020-09-25 16:47:56,
"What should I do with the $300,000 I am about to inherit?",marketwatch,2020-09-25 16:47:56,
"My brother stole my $110,000 inheritance by altering our mother’s will",marketwatch,2020-09-25 16:47:56,
Should jewelry only be passed down to female family members?,marketwatch,2020-09-25 16:47:56,
How to make 60 the new 30 ,marketwatch,2020-09-25 16:47:56,
10 ways to get more happiness out of your money,marketwatch,2020-09-25 16:47:56,
10 questions to ask yourself before you buy — or sell — a house,marketwatch,2020-09-25 16:47:56,
Divorce after 50: What I wish I had known beforehand,marketwatch,2020-09-25 16:47:56,
This is the staggering amount Americans paid in rent in 2017,marketwatch,2020-09-25 16:47:56,
Here’s what all 30 companies that make up the Dow industrials think about the tax cuts,marketwatch,2020-09-25 16:47:56,
10 questions to ask yourself before you buy — or sell — a house,marketwatch,2020-09-25 16:47:56,
This $1 million house is the first to be sold on the blockchain in the U.S.,marketwatch,2020-09-25 16:47:56,
Top 10 tax changes for business owners,marketwatch,2020-09-25 16:47:56,
London’s Real Estate Insiders See ‘Redressing’ and Realistic Pricing as Key for Early 2018,marketwatch,2020-09-25 16:47:56,
"A Ski-In, Ski-Out Home in Aspen That Hosted John Denver",marketwatch,2020-09-25 16:47:56,
"Wealthy Millennials Are Changing the World, Says Sotheby’s International Realty’s Marketing Chief",marketwatch,2020-09-25 16:47:56,
2018: The Year Ahead in Luxury Real Estate,marketwatch,2020-09-25 16:47:56,
"Dollar starts year in doldrums, stocks in good cheer",yahoo,2020-09-25 17:04:49,https://web.archive.org/web/20180102103237/https://www.finance.yahoo.com/
David Pogue's best ideas in tech of 2017,yahoo,2020-09-25 17:04:49,https://web.archive.org/web/20180102103237/https://www.finance.yahoo.com/
Pension funds’ dilemma,yahoo,2020-09-25 17:04:49,https://web.archive.org/web/20180102103237/https://www.finance.yahoo.com/
"On Trump's plate: Congress, midterm elections, N. Korea",yahoo,2020-09-25 17:04:49,https://web.archive.org/web/20180102103237/https://www.finance.yahoo.com/
China's WeChat denies storing user chats,yahoo,2020-09-25 17:04:49,https://web.archive.org/web/20180102103237/https://www.finance.yahoo.com/
Ruth Bader Ginsburg Becomes The First Woman And The First Jewish Person To Lie In State At The U.S. Capitol,forbes,2020-09-25 17:13:50,
"White House Scrapped Journalist’s Award Because She Criticized Trump, Watchdog Says",forbes,2020-09-25 17:13:50,
Kentucky’s Only Black Female Legislator—Who Wrote ‘Breonna’s Law’—Arrested On Felony Rioting Charges,forbes,2020-09-25 17:13:50,
"Swing State Lawmakers, Legal Experts Doubt Reported Trump Plan To ‘Bypass’ Popular Vote",forbes,2020-09-25 17:13:50,
Pennsylvania Discarded Ballot Mishap Fuels Trump Attacks On Mail-In Voting,forbes,2020-09-25 17:13:50,
"NYC Makes Outdoor Dining Permanent ‘Year-Round,’ Relieving Fears Of Winter Shutdown",forbes,2020-09-25 17:13:50,
"Americans Support Delaying Ginsburg Replacement But Oppose Court Packing, Poll Finds",forbes,2020-09-25 17:13:50,
"As U.S. Reaches 7 Million Covid-19 Cases, These States Have The Most New Infections",forbes,2020-09-25 17:13:50,
Reddit Co-Founder Alexis Ohanian Plans $150 Million Investment Fund,forbes,2020-09-25 17:13:50,
"Dow Rallies 350 Points, But Stocks Are Down For A Fourth Week In A Row",forbes,2020-09-25 17:13:50,
Ruth Bader Ginsburg Becomes The First Woman And The First Jewish Person To Lie In State At The U.S. Capitol,forbes,2020-09-25 17:13:50,
"White House Scrapped Journalist’s Award Because She Criticized Trump, Watchdog Says",forbes,2020-09-25 17:13:50,
Kentucky’s Only Black Female Legislator—Who Wrote ‘Breonna’s Law’—Arrested On Felony Rioting Charges,forbes,2020-09-25 17:13:50,
"Swing State Lawmakers, Legal Experts Doubt Reported Trump Plan To ‘Bypass’ Popular Vote",forbes,2020-09-25 17:13:50,
Pennsylvania Discarded Ballot Mishap Fuels Trump Attacks On Mail-In Voting,forbes,2020-09-25 17:13:50,
"NYC Makes Outdoor Dining Permanent ‘Year-Round,’ Relieving Fears Of Winter Shutdown",forbes,2020-09-25 17:13:50,
"Americans Support Delaying Ginsburg Replacement But Oppose Court Packing, Poll Finds",forbes,2020-09-25 17:13:50,
"As U.S. Reaches 7 Million Covid-19 Cases, These States Have The Most New Infections",forbes,2020-09-25 17:13:50,
Reddit Co-Founder Alexis Ohanian Plans $150 Million Investment Fund,forbes,2020-09-25 17:13:50,
"Dow Rallies 350 Points, But Stocks Are Down For A Fourth Week In A Row",forbes,2020-09-25 17:13:50,
Stimulus Update: 5 Potential Outcomes,forbes,2020-09-25 17:13:50,
Arkansas Man Finds Massive 9-Carat Diamond That He Suspected Was A Piece Of Glass,forbes,2020-09-25 17:13:50,
"As Electric Truck Startup Hyliion Goes Public, Founder Is Set To Be America’s Youngest Self-Made Billionaire",forbes,2020-09-25 17:13:50,
"Second Stimulus Package Update: Pelosi, Dems Drafting $2.2 Trillion Coronavirus Relief Bill",forbes,2020-09-25 17:13:50,
"Billionaire Jennifer Pritzker, A Former Trump Donor, Makes Her First Contribution To Joe Biden",forbes,2020-09-25 17:13:50,
"Stimulus Update: House Democrats Considering New, Smaller Relief Package",forbes,2020-09-25 17:13:50,
"Prepare For A Smaller Stimulus Package: Pelosi, Mnuchin Starting Covid-19 Relief Negotiations—Again",forbes,2020-09-25 17:13:50,
Report: Trump Campaign Actively Discussing Radical Measures To Bypass Election Results,forbes,2020-09-25 17:13:50,
Ron Paul ‘Doing Fine’ In Hospital After Appearing To Suffer Medical Episode On Camera,forbes,2020-09-25 17:13:50,
"Americans Support Delaying Ginsburg Replacement But Oppose Court Packing, Poll Finds",forbes,2020-09-25 17:13:50,
‘The Social Dilemma’ Is About To Become The First Documentary On Netflix To Achieve This Incredible Milestone,forbes,2020-09-25 17:13:50,
"Dow Rallies 350 Points, But Stocks Are Down For A Fourth Week In A Row",forbes,2020-09-25 17:13:50,
The Pandemic Plutocrats: How Covid Is Creating New Fintech Billionaires,forbes,2020-09-25 17:13:50,
Meet The One-Of-A-Kind Ferrari Omologata,forbes,2020-09-25 17:13:50,
Ruth Bader Ginsburg’s Indelible Mark On American Business,forbes,2020-09-25 17:13:50,
Amazon Promises Faster Speeds In Redesigned Echo Device,forbes,2020-09-25 17:13:50,
Ruth Bader Ginsburg’s Indelible Mark On American Business,forbes,2020-09-25 17:13:50,
Exclusive: Ruth Porat On Leading Through Crisis And Google’s Latest Moonshot To Rebuild The U.S. Economy—One Small Business At A Time,forbes,2020-09-25 17:13:50,
Billionaires On The Brink: How The Forbes 400 Makes And Loses Billions During Market Crashes,forbes,2020-09-25 17:13:50,
"After The Covid-19 Deluge, A Bankruptcy Tidal Wave?",forbes,2020-09-25 17:13:50,
Volkswagen’s 2021 All-Electric ID.4 Is Gunning For Gas-Powered Rivals,forbes,2020-09-25 17:13:50,
The Pandemic Plutocrats: How Covid Is Creating New Fintech Billionaires,forbes,2020-09-25 17:13:50,
"The Inside Story Of Robinhood’s Billionaire Founders, Option Kid Cowboys And The Wall Street Sharks That Feed On Them",forbes,2020-09-25 17:13:50,
"A Biden Victory And Split Congress Is Best For Stocks, But Here’s What Would Kill Markets After Election Night",forbes,2020-09-25 17:13:50,
Vacheron Constantin Introduces New Heure Romantique Jewelry Watch For Women,forbes,2020-09-25 17:13:50,
7 Spacious Indoor Dining Options In New York City,forbes,2020-09-25 17:13:50,
Exclusive: Ruth Porat On Leading Through Crisis And Google’s Latest Moonshot To Rebuild The U.S. Economy—One Small Business At A Time,forbes,2020-09-25 17:13:50,
Uber’s Hired A New Top Tech Leader From Amazon But Is Losing Its CIO,forbes,2020-09-25 17:13:50,
The Pandemic Plutocrats: How Covid Is Creating New Fintech Billionaires,forbes,2020-09-25 17:13:50,
Loud Calls For Global Shipping To Ditch Fossil Fuels And Meet Climate Goals,forbes,2020-09-25 17:13:50,
ChargePoint Plans NYSE Listing To Expand Its Network As EV Sales Grow,forbes,2020-09-25 17:13:50,
Restaurant Chains Big And Small Are Encouraging Employees To Get Out The Vote,forbes,2020-09-25 17:13:50,
In Search Of The Next 1000: The Entrepreneurs Creating Their Own American Dreams,forbes,2020-09-25 17:13:50,
"Small Businesses Are Closing At A Rapid Pace, With Restaurants And Retailers On The West Coast Among The Hardest Hit",forbes,2020-09-25 17:13:50,
Billionaire Backers: Explore The Big Money Behind Biden & Trump,forbes,2020-09-25 17:13:50,
The New Forbes Philanthropy Score: How We Ranked Each Forbes 400 Billionaire Based On Their Giving,forbes,2020-09-25 17:13:50,
Top 4 Retirement Worries—And How To Handle Them,forbes,2020-09-25 17:13:50,
Ruth Bader Ginsburg’s Key Cases That Paved The Way For Financial Equality,forbes,2020-09-25 17:13:50,
First Drive: 2021 Porsche Panamera 4S E-Hybrid,forbes,2020-09-25 17:13:50,
"2021 Jaguar F-Pace Debuts: More Grace, Same Space",forbes,2020-09-25 17:13:50,
"If You Sue Your Tax Advisor For Faulty Advice, Are The Proceeds Tax-Free Or Taxable Income?",forbes,2020-09-25 17:13:50,
"Biden, Democratic Victories Would Be Best Outcome For The Economy, Moody’s Says",forbes,2020-09-25 17:13:50,
The Real State Of Unemployment Is Much Higher Than Official Numbers,forbes,2020-09-25 17:13:50,
How An L.A. Hotel Became A Must-Visit Spot During The Pandemic,forbes,2020-09-25 17:13:50,
Why Tom Hardy Would Make A Superb James Bond,forbes,2020-09-25 17:13:50,
Psychedelic Drug Company MindMed Applies For Nasdaq Up-Listing,forbes,2020-09-25 17:13:50,
Warren Buffett’s BNSF Railway Names Kathryn Farmer First Female CEO Of Major Railroad,forbes,2020-09-25 17:13:50,
"After Vowing Not To Make Job Cuts In 2020 Amid Covid-19, Citigroup Announces Layoffs",forbes,2020-09-25 17:13:50,
Exclusive: The Billionaire Who Wanted To Die Broke . . . Is Now Officially Broke,forbes,2020-09-25 17:13:50,
YouTube Expands Efforts To Combat Mail-In Voting Misinformation,forbes,2020-09-25 17:13:50,
Hootsuite Drops ICE Contract After Employee Backlash,forbes,2020-09-25 17:13:50,
"Kevin Vasconi, The CIO Who Helped Turn $16 Billion Domino’s Pizza Into A Digital Success Story, Is Leaving The Company",forbes,2020-09-25 17:13:50,
Home Drone: Amazon’s Ring Will Offer An Indoor Flying Camera For Constant Surveillance,forbes,2020-09-25 17:13:50,
Spotify Inks First Look Deal For Podcast Media Adaptations With Chernin Entertainment,forbes,2020-09-25 17:13:50,
Costco Earnings Show It Is Still In A Retail League Of Its Own,forbes,2020-09-25 17:13:50,
What Small Business Owners Should Know About Getting A Loan,forbes,2020-09-25 17:13:50,
Apple Boosts IPad Air Performance By 40%…And Other Small Business Tech News,forbes,2020-09-25 17:13:50,
5 Decisions That Will Increase Your Chances Of Building A Successful Startup,forbes,2020-09-25 17:13:50,
How Netflix’s Reed Hastings Rewrote The Hollywood Script,forbes,2020-09-25 17:13:50,
The Richest Hedge Fund Managers On The 2020 Forbes 400 List,forbes,2020-09-25 17:13:50,
Alice Walton And The 55 Other Richest Women In America,forbes,2020-09-25 17:13:50,
Best Credit Cards For United Flyers Of September 2020,forbes,2020-09-25 17:13:50,
How To Pay For College: 4 Ways To Fund Your Education Now,forbes,2020-09-25 17:13:50,
"6 High Value Trips You Can Take With 80,000 Chase Ultimate Reward Points",forbes,2020-09-25 17:13:50,
2020 Honda CR-V Review,forbes,2020-09-25 17:13:50,
2020 Subaru Outback Review,forbes,2020-09-25 17:13:50,
2020 Toyota Land Cruiser Review,forbes,2020-09-25 17:13:50,
Money,forbes,2020-09-25 17:13:50,
daily cover story,forbes,2020-09-25 17:13:50,
The Pandemic Plutocrats: How Covid Is Creating New Fintech Billionaires,forbes,2020-09-25 17:13:50,
Jeff Kauflin,forbes,2020-09-25 17:13:50,
Eliza Haverstock,forbes,2020-09-25 17:13:50,
,forbes,2020-09-25 17:13:50,
"The Inside Story Of Robinhood’s Billionaire Founders, Option Kid Cowboys And The Wall Street Sharks That Feed On Them",forbes,2020-09-25 17:13:50,
Jeff Kauflin,forbes,2020-09-25 17:13:50,
Antoine Gara,forbes,2020-09-25 17:13:50,
,forbes,2020-09-25 17:13:50,
"A Biden Victory And Split Congress Is Best For Stocks, But Here’s What Would Kill Markets After Election Night",forbes,2020-09-25 17:13:50,
Sergei Klebnikov,forbes,2020-09-25 17:13:50,
,forbes,2020-09-25 17:13:50,
"If You Sue Your Tax Advisor For Faulty Advice, Are The Proceeds Tax-Free Or Taxable Income?",forbes,2020-09-25 17:13:50,
Tony Nitti,forbes,2020-09-25 17:13:50,
,forbes,2020-09-25 17:13:50,
"Biden, Democratic Victories Would Be Best Outcome For The Economy, Moody’s Says",forbes,2020-09-25 17:13:50,
Sergei Klebnikov,forbes,2020-09-25 17:13:50,
,forbes,2020-09-25 17:13:50,
The Real State Of Unemployment Is Much Higher Than Official Numbers,forbes,2020-09-25 17:13:50,
Erik Sherman,forbes,2020-09-25 17:13:50,
WATCHEntrepreneur Ariel Pasternak On Why You Should Invest In Relationships,forbes,2020-09-25 17:13:50,
WATCH,forbes,2020-09-25 17:13:50,
Nearly 500 National Security Officials Endorse Joe Biden| 1:01,forbes,2020-09-25 17:13:50,
WATCH,forbes,2020-09-25 17:13:50,
Patreon's Founder On How To Structure Your Pitch To Investors| 4:26,forbes,2020-09-25 17:13:50,
WATCH,forbes,2020-09-25 17:13:50,
Dining Out Post-Covid: The Changes We Need With Danny Meyer | Steve Forbes: What's Ahead| 12:26,forbes,2020-09-25 17:13:50,
Lifestyle,forbes,2020-09-25 17:13:50,
FAST AND LUXURIOUS,forbes,2020-09-25 17:13:50,
Meet The One-Of-A-Kind Ferrari Omologata,forbes,2020-09-25 17:13:50,
Alistair Charlton,forbes,2020-09-25 17:13:50,
,forbes,2020-09-25 17:13:50,
Vacheron Constantin Introduces New Heure Romantique Jewelry Watch For Women,forbes,2020-09-25 17:13:50,
Roberta Naas,forbes,2020-09-25 17:13:50,
,forbes,2020-09-25 17:13:50,
7 Spacious Indoor Dining Options In New York City,forbes,2020-09-25 17:13:50,
Tanya Klich,forbes,2020-09-25 17:13:50,
,forbes,2020-09-25 17:13:50,
How An L.A. Hotel Became A Must-Visit Spot During The Pandemic,forbes,2020-09-25 17:13:50,
Jennifer Kester,forbes,2020-09-25 17:13:50,
,forbes,2020-09-25 17:13:50,
Why Tom Hardy Would Make A Superb James Bond,forbes,2020-09-25 17:13:50,
Christopher Orr,forbes,2020-09-25 17:13:50,
,forbes,2020-09-25 17:13:50,
Psychedelic Drug Company MindMed Applies For Nasdaq Up-Listing,forbes,2020-09-25 17:13:50,
Will Yakowicz,forbes,2020-09-25 17:13:50,
Leadership,forbes,2020-09-25 17:13:50,
inside,forbes,2020-09-25 17:13:50,
Ruth Bader Ginsburg’s Indelible Mark On American Business,forbes,2020-09-25 17:13:50,
Maggie McGrath,forbes,2020-09-25 17:13:50,
Rachel Sandler,forbes,2020-09-25 17:13:50,
,forbes,2020-09-25 17:13:50,
Exclusive: Ruth Porat On Leading Through Crisis And Google’s Latest Moonshot To Rebuild The U.S. Economy—One Small Business At A Time,forbes,2020-09-25 17:13:50,
Maneet Ahuja,forbes,2020-09-25 17:13:50,
,forbes,2020-09-25 17:13:50,
Uber’s Hired A New Top Tech Leader From Amazon But Is Losing Its CIO,forbes,2020-09-25 17:13:50,
Martin Giles,forbes,2020-09-25 17:13:50,
,forbes,2020-09-25 17:13:50,
Warren Buffett’s BNSF Railway Names Kathryn Farmer First Female CEO Of Major Railroad,forbes,2020-09-25 17:13:50,
Samantha Todd,forbes,2020-09-25 17:13:50,
,forbes,2020-09-25 17:13:50,
"After Vowing Not To Make Job Cuts In 2020 Amid Covid-19, Citigroup Announces Layoffs",forbes,2020-09-25 17:13:50,
Jack Kelly,forbes,2020-09-25 17:13:50,
,forbes,2020-09-25 17:13:50,
Exclusive: The Billionaire Who Wanted To Die Broke . . . Is Now Officially Broke,forbes,2020-09-25 17:13:50,
Steven Bertoni,forbes,2020-09-25 17:13:50,
Innovation,forbes,2020-09-25 17:13:50,
inside,forbes,2020-09-25 17:13:50,
Amazon Promises Faster Speeds In Redesigned Echo Device,forbes,2020-09-25 17:13:50,
Rachel Sandler,forbes,2020-09-25 17:13:50,
,forbes,2020-09-25 17:13:50,
The Pandemic Plutocrats: How Covid Is Creating New Fintech Billionaires,forbes,2020-09-25 17:13:50,
Jeff Kauflin,forbes,2020-09-25 17:13:50,
Eliza Haverstock,forbes,2020-09-25 17:13:50,
,forbes,2020-09-25 17:13:50,
Loud Calls For Global Shipping To Ditch Fossil Fuels And Meet Climate Goals,forbes,2020-09-25 17:13:50,
Nishan Degnarain,forbes,2020-09-25 17:13:50,
,forbes,2020-09-25 17:13:50,
YouTube Expands Efforts To Combat Mail-In Voting Misinformation,forbes,2020-09-25 17:13:50,
Alison Durkee,forbes,2020-09-25 17:13:50,
,forbes,2020-09-25 17:13:50,
Hootsuite Drops ICE Contract After Employee Backlash,forbes,2020-09-25 17:13:50,
Rachel Sandler,forbes,2020-09-25 17:13:50,
,forbes,2020-09-25 17:13:50,
"Kevin Vasconi, The CIO Who Helped Turn $16 Billion Domino’s Pizza Into A Digital Success Story, Is Leaving The Company",forbes,2020-09-25 17:13:50,
Martin Giles,forbes,2020-09-25 17:13:50,
Business,forbes,2020-09-25 17:13:50,
Legacy,forbes,2020-09-25 17:13:50,
Ruth Bader Ginsburg’s Indelible Mark On American Business,forbes,2020-09-25 17:13:50,
Maggie McGrath,forbes,2020-09-25 17:13:50,
Rachel Sandler,forbes,2020-09-25 17:13:50,
,forbes,2020-09-25 17:13:50,
ChargePoint Plans NYSE Listing To Expand Its Network As EV Sales Grow,forbes,2020-09-25 17:13:50,
Alan Ohnsman,forbes,2020-09-25 17:13:50,
,forbes,2020-09-25 17:13:50,
Restaurant Chains Big And Small Are Encouraging Employees To Get Out The Vote,forbes,2020-09-25 17:13:50,
Alicia Kelso,forbes,2020-09-25 17:13:50,
,forbes,2020-09-25 17:13:50,
Home Drone: Amazon’s Ring Will Offer An Indoor Flying Camera For Constant Surveillance,forbes,2020-09-25 17:13:50,
Joe Walsh,forbes,2020-09-25 17:13:50,
,forbes,2020-09-25 17:13:50,
Spotify Inks First Look Deal For Podcast Media Adaptations With Chernin Entertainment,forbes,2020-09-25 17:13:50,
Rob Salkowitz,forbes,2020-09-25 17:13:50,
,forbes,2020-09-25 17:13:50,
Costco Earnings Show It Is Still In A Retail League Of Its Own,forbes,2020-09-25 17:13:50,
Andria Cheng,forbes,2020-09-25 17:13:50,
Small Business,forbes,2020-09-25 17:13:50,
inside,forbes,2020-09-25 17:13:50,
Exclusive: Ruth Porat On Leading Through Crisis And Google’s Latest Moonshot To Rebuild The U.S. Economy—One Small Business At A Time,forbes,2020-09-25 17:13:50,
Maneet Ahuja,forbes,2020-09-25 17:13:50,
,forbes,2020-09-25 17:13:50,
In Search Of The Next 1000: The Entrepreneurs Creating Their Own American Dreams,forbes,2020-09-25 17:13:50,
Randall Lane,forbes,2020-09-25 17:13:50,
,forbes,2020-09-25 17:13:50,
"Small Businesses Are Closing At A Rapid Pace, With Restaurants And Retailers On The West Coast Among The Hardest Hit",forbes,2020-09-25 17:13:50,
Christian Kreznar,forbes,2020-09-25 17:13:50,
,forbes,2020-09-25 17:13:50,
What Small Business Owners Should Know About Getting A Loan,forbes,2020-09-25 17:13:50,
Serenity Gibbons,forbes,2020-09-25 17:13:50,
,forbes,2020-09-25 17:13:50,
Apple Boosts IPad Air Performance By 40%…And Other Small Business Tech News,forbes,2020-09-25 17:13:50,
Gene Marks,forbes,2020-09-25 17:13:50,
,forbes,2020-09-25 17:13:50,
5 Decisions That Will Increase Your Chances Of Building A Successful Startup,forbes,2020-09-25 17:13:50,
Abdo Riani,forbes,2020-09-25 17:13:50,
Billionaires,forbes,2020-09-25 17:13:50,
lists,forbes,2020-09-25 17:13:50,
Billionaires On The Brink: How The Forbes 400 Makes And Loses Billions During Market Crashes,forbes,2020-09-25 17:13:50,
Chase Peterson-Withorn,forbes,2020-09-25 17:13:50,
,forbes,2020-09-25 17:13:50,
Billionaire Backers: Explore The Big Money Behind Biden & Trump,forbes,2020-09-25 17:13:50,
Michela Tindera,forbes,2020-09-25 17:13:50,
,forbes,2020-09-25 17:13:50,
The New Forbes Philanthropy Score: How We Ranked Each Forbes 400 Billionaire Based On Their Giving,forbes,2020-09-25 17:13:50,
Jennifer Wang,forbes,2020-09-25 17:13:50,
,forbes,2020-09-25 17:13:50,
How Netflix’s Reed Hastings Rewrote The Hollywood Script,forbes,2020-09-25 17:13:50,
Dawn Chmielewski,forbes,2020-09-25 17:13:50,
,forbes,2020-09-25 17:13:50,
The Richest Hedge Fund Managers On The 2020 Forbes 400 List,forbes,2020-09-25 17:13:50,
Jonathan Ponciano,forbes,2020-09-25 17:13:50,
,forbes,2020-09-25 17:13:50,
Alice Walton And The 55 Other Richest Women In America,forbes,2020-09-25 17:13:50,
Ariel Shapiro,forbes,2020-09-25 17:13:50,
Advisor,forbes,2020-09-25 17:13:50,
,forbes,2020-09-25 17:13:50,
"After The Covid-19 Deluge, A Bankruptcy Tidal Wave?",forbes,2020-09-25 17:13:50,
Mark Henricks,forbes,2020-09-25 17:13:50,
Daphne Foreman,forbes,2020-09-25 17:13:50,
,forbes,2020-09-25 17:13:50,
Top 4 Retirement Worries—And How To Handle Them,forbes,2020-09-25 17:13:50,
E. Napoletano,forbes,2020-09-25 17:13:50,
,forbes,2020-09-25 17:13:50,
Ruth Bader Ginsburg’s Key Cases That Paved The Way For Financial Equality,forbes,2020-09-25 17:13:50,
Kelly Anne Smith,forbes,2020-09-25 17:13:50,
,forbes,2020-09-25 17:13:50,
Best Credit Cards For United Flyers Of September 2020,forbes,2020-09-25 17:13:50,
Dia Adams,forbes,2020-09-25 17:13:50,
,forbes,2020-09-25 17:13:50,
How To Pay For College: 4 Ways To Fund Your Education Now,forbes,2020-09-25 17:13:50,
Dori Zinn,forbes,2020-09-25 17:13:50,
,forbes,2020-09-25 17:13:50,
"6 High Value Trips You Can Take With 80,000 Chase Ultimate Reward Points",forbes,2020-09-25 17:13:50,
Becky Pokora,forbes,2020-09-25 17:13:50,
Wheels,forbes,2020-09-25 17:13:50,
,forbes,2020-09-25 17:13:50,
Volkswagen’s 2021 All-Electric ID.4 Is Gunning For Gas-Powered Rivals,forbes,2020-09-25 17:13:50,
Carly Schaffner,forbes,2020-09-25 17:13:50,
,forbes,2020-09-25 17:13:50,
First Drive: 2021 Porsche Panamera 4S E-Hybrid,forbes,2020-09-25 17:13:50,
Andrew Wendler,forbes,2020-09-25 17:13:50,
,forbes,2020-09-25 17:13:50,
"2021 Jaguar F-Pace Debuts: More Grace, Same Space",forbes,2020-09-25 17:13:50,
Clifford Atiyeh,forbes,2020-09-25 17:13:50,
,forbes,2020-09-25 17:13:50,
2020 Honda CR-V Review,forbes,2020-09-25 17:13:50,
Forbes Wheels Staff,forbes,2020-09-25 17:13:50,
,forbes,2020-09-25 17:13:50,
2020 Subaru Outback Review,forbes,2020-09-25 17:13:50,
Forbes Wheels Staff,forbes,2020-09-25 17:13:50,
,forbes,2020-09-25 17:13:50,
2020 Toyota Land Cruiser Review,forbes,2020-09-25 17:13:50,
Forbes Wheels Staff,forbes,2020-09-25 17:13:50,
,forbes,2020-09-25 17:13:50,
Great Customer Service Requires A Smarter Workflow,forbes,2020-09-25 17:13:50,
,forbes,2020-09-25 17:13:50,
Time Trusted—How eBay Is Making The Online Luxury Watch Market Safe And Secure,forbes,2020-09-25 17:13:50,
,forbes,2020-09-25 17:13:50,
Small Business Advisory Team,forbes,2020-09-25 17:13:50,
,forbes,2020-09-25 17:13:50,
"The Doctor Will See You Now, Virtually",forbes,2020-09-25 17:13:50,
,forbes,2020-09-25 17:13:50,
30 Under 30: A Decade Of Disruption,forbes,2020-09-25 17:13:50,
Money,forbes,2020-09-25 17:13:50,
daily cover story,forbes,2020-09-25 17:13:50,
The Pandemic Plutocrats: How Covid Is Creating New Fintech Billionaires,forbes,2020-09-25 17:13:50,
Jeff Kauflin,forbes,2020-09-25 17:13:50,
Eliza Haverstock,forbes,2020-09-25 17:13:50,
,forbes,2020-09-25 17:13:50,
"The Inside Story Of Robinhood’s Billionaire Founders, Option Kid Cowboys And The Wall Street Sharks That Feed On Them",forbes,2020-09-25 17:13:50,
Jeff Kauflin,forbes,2020-09-25 17:13:50,
Antoine Gara,forbes,2020-09-25 17:13:50,
,forbes,2020-09-25 17:13:50,
"A Biden Victory And Split Congress Is Best For Stocks, But Here’s What Would Kill Markets After Election Night",forbes,2020-09-25 17:13:50,
Sergei Klebnikov,forbes,2020-09-25 17:13:50,
,forbes,2020-09-25 17:13:50,
"If You Sue Your Tax Advisor For Faulty Advice, Are The Proceeds Tax-Free Or Taxable Income?",forbes,2020-09-25 17:13:50,
Tony Nitti,forbes,2020-09-25 17:13:50,
,forbes,2020-09-25 17:13:50,
"Biden, Democratic Victories Would Be Best Outcome For The Economy, Moody’s Says",forbes,2020-09-25 17:13:50,
Sergei Klebnikov,forbes,2020-09-25 17:13:50,
,forbes,2020-09-25 17:13:50,
The Real State Of Unemployment Is Much Higher Than Official Numbers,forbes,2020-09-25 17:13:50,
Erik Sherman,forbes,2020-09-25 17:13:50,
WATCHEntrepreneur Ariel Pasternak On Why You Should Invest In Relationships,forbes,2020-09-25 17:13:50,
WATCH,forbes,2020-09-25 17:13:50,
Nearly 500 National Security Officials Endorse Joe Biden| 1:01,forbes,2020-09-25 17:13:50,
WATCH,forbes,2020-09-25 17:13:50,
Patreon's Founder On How To Structure Your Pitch To Investors| 4:26,forbes,2020-09-25 17:13:50,
WATCH,forbes,2020-09-25 17:13:50,
Dining Out Post-Covid: The Changes We Need With Danny Meyer | Steve Forbes: What's Ahead| 12:26,forbes,2020-09-25 17:13:50,
Lifestyle,forbes,2020-09-25 17:13:50,
FAST AND LUXURIOUS,forbes,2020-09-25 17:13:50,
Meet The One-Of-A-Kind Ferrari Omologata,forbes,2020-09-25 17:13:50,
Alistair Charlton,forbes,2020-09-25 17:13:50,
,forbes,2020-09-25 17:13:50,
Vacheron Constantin Introduces New Heure Romantique Jewelry Watch For Women,forbes,2020-09-25 17:13:50,
Roberta Naas,forbes,2020-09-25 17:13:50,
,forbes,2020-09-25 17:13:50,
7 Spacious Indoor Dining Options In New York City,forbes,2020-09-25 17:13:50,
Tanya Klich,forbes,2020-09-25 17:13:50,
,forbes,2020-09-25 17:13:50,
How An L.A. Hotel Became A Must-Visit Spot During The Pandemic,forbes,2020-09-25 17:13:50,
Jennifer Kester,forbes,2020-09-25 17:13:50,
,forbes,2020-09-25 17:13:50,
Why Tom Hardy Would Make A Superb James Bond,forbes,2020-09-25 17:13:50,
Christopher Orr,forbes,2020-09-25 17:13:50,
,forbes,2020-09-25 17:13:50,
Psychedelic Drug Company MindMed Applies For Nasdaq Up-Listing,forbes,2020-09-25 17:13:50,
Will Yakowicz,forbes,2020-09-25 17:13:50,
Leadership,forbes,2020-09-25 17:13:50,
inside,forbes,2020-09-25 17:13:50,
Ruth Bader Ginsburg’s Indelible Mark On American Business,forbes,2020-09-25 17:13:50,
Maggie McGrath,forbes,2020-09-25 17:13:50,
Rachel Sandler,forbes,2020-09-25 17:13:50,
,forbes,2020-09-25 17:13:50,
Exclusive: Ruth Porat On Leading Through Crisis And Google’s Latest Moonshot To Rebuild The U.S. Economy—One Small Business At A Time,forbes,2020-09-25 17:13:50,
Maneet Ahuja,forbes,2020-09-25 17:13:50,
,forbes,2020-09-25 17:13:50,
Uber’s Hired A New Top Tech Leader From Amazon But Is Losing Its CIO,forbes,2020-09-25 17:13:50,
Martin Giles,forbes,2020-09-25 17:13:50,
,forbes,2020-09-25 17:13:50,
Warren Buffett’s BNSF Railway Names Kathryn Farmer First Female CEO Of Major Railroad,forbes,2020-09-25 17:13:50,
Samantha Todd,forbes,2020-09-25 17:13:50,
,forbes,2020-09-25 17:13:50,
"After Vowing Not To Make Job Cuts In 2020 Amid Covid-19, Citigroup Announces Layoffs",forbes,2020-09-25 17:13:50,
Jack Kelly,forbes,2020-09-25 17:13:50,
,forbes,2020-09-25 17:13:50,
Exclusive: The Billionaire Who Wanted To Die Broke . . . Is Now Officially Broke,forbes,2020-09-25 17:13:50,
Steven Bertoni,forbes,2020-09-25 17:13:50,
Innovation,forbes,2020-09-25 17:13:50,
inside,forbes,2020-09-25 17:13:50,
Amazon Promises Faster Speeds In Redesigned Echo Device,forbes,2020-09-25 17:13:50,
Rachel Sandler,forbes,2020-09-25 17:13:50,
,forbes,2020-09-25 17:13:50,
The Pandemic Plutocrats: How Covid Is Creating New Fintech Billionaires,forbes,2020-09-25 17:13:50,
Jeff Kauflin,forbes,2020-09-25 17:13:50,
Eliza Haverstock,forbes,2020-09-25 17:13:50,
,forbes,2020-09-25 17:13:50,
Loud Calls For Global Shipping To Ditch Fossil Fuels And Meet Climate Goals,forbes,2020-09-25 17:13:50,
Nishan Degnarain,forbes,2020-09-25 17:13:50,
,forbes,2020-09-25 17:13:50,
YouTube Expands Efforts To Combat Mail-In Voting Misinformation,forbes,2020-09-25 17:13:50,
Alison Durkee,forbes,2020-09-25 17:13:50,
,forbes,2020-09-25 17:13:50,
Hootsuite Drops ICE Contract After Employee Backlash,forbes,2020-09-25 17:13:50,
Rachel Sandler,forbes,2020-09-25 17:13:50,
,forbes,2020-09-25 17:13:50,
"Kevin Vasconi, The CIO Who Helped Turn $16 Billion Domino’s Pizza Into A Digital Success Story, Is Leaving The Company",forbes,2020-09-25 17:13:50,
Martin Giles,forbes,2020-09-25 17:13:50,
Business,forbes,2020-09-25 17:13:50,
Legacy,forbes,2020-09-25 17:13:50,
Ruth Bader Ginsburg’s Indelible Mark On American Business,forbes,2020-09-25 17:13:50,
Maggie McGrath,forbes,2020-09-25 17:13:50,
Rachel Sandler,forbes,2020-09-25 17:13:50,
,forbes,2020-09-25 17:13:50,
ChargePoint Plans NYSE Listing To Expand Its Network As EV Sales Grow,forbes,2020-09-25 17:13:50,
Alan Ohnsman,forbes,2020-09-25 17:13:50,
,forbes,2020-09-25 17:13:50,
Restaurant Chains Big And Small Are Encouraging Employees To Get Out The Vote,forbes,2020-09-25 17:13:50,
Alicia Kelso,forbes,2020-09-25 17:13:50,
,forbes,2020-09-25 17:13:50,
Home Drone: Amazon’s Ring Will Offer An Indoor Flying Camera For Constant Surveillance,forbes,2020-09-25 17:13:50,
Joe Walsh,forbes,2020-09-25 17:13:50,
,forbes,2020-09-25 17:13:50,
Spotify Inks First Look Deal For Podcast Media Adaptations With Chernin Entertainment,forbes,2020-09-25 17:13:50,
Rob Salkowitz,forbes,2020-09-25 17:13:50,
,forbes,2020-09-25 17:13:50,
Costco Earnings Show It Is Still In A Retail League Of Its Own,forbes,2020-09-25 17:13:50,
Andria Cheng,forbes,2020-09-25 17:13:50,
Small Business,forbes,2020-09-25 17:13:50,
inside,forbes,2020-09-25 17:13:50,
Exclusive: Ruth Porat On Leading Through Crisis And Google’s Latest Moonshot To Rebuild The U.S. Economy—One Small Business At A Time,forbes,2020-09-25 17:13:50,
Maneet Ahuja,forbes,2020-09-25 17:13:50,
,forbes,2020-09-25 17:13:50,
In Search Of The Next 1000: The Entrepreneurs Creating Their Own American Dreams,forbes,2020-09-25 17:13:50,
Randall Lane,forbes,2020-09-25 17:13:50,
,forbes,2020-09-25 17:13:50,
"Small Businesses Are Closing At A Rapid Pace, With Restaurants And Retailers On The West Coast Among The Hardest Hit",forbes,2020-09-25 17:13:50,
Christian Kreznar,forbes,2020-09-25 17:13:50,
,forbes,2020-09-25 17:13:50,
What Small Business Owners Should Know About Getting A Loan,forbes,2020-09-25 17:13:50,
Serenity Gibbons,forbes,2020-09-25 17:13:50,
,forbes,2020-09-25 17:13:50,
Apple Boosts IPad Air Performance By 40%…And Other Small Business Tech News,forbes,2020-09-25 17:13:50,
Gene Marks,forbes,2020-09-25 17:13:50,
,forbes,2020-09-25 17:13:50,
5 Decisions That Will Increase Your Chances Of Building A Successful Startup,forbes,2020-09-25 17:13:50,
Abdo Riani,forbes,2020-09-25 17:13:50,
Billionaires,forbes,2020-09-25 17:13:50,
lists,forbes,2020-09-25 17:13:50,
Billionaires On The Brink: How The Forbes 400 Makes And Loses Billions During Market Crashes,forbes,2020-09-25 17:13:50,
Chase Peterson-Withorn,forbes,2020-09-25 17:13:50,
,forbes,2020-09-25 17:13:50,
Billionaire Backers: Explore The Big Money Behind Biden & Trump,forbes,2020-09-25 17:13:50,
Michela Tindera,forbes,2020-09-25 17:13:50,
,forbes,2020-09-25 17:13:50,
The New Forbes Philanthropy Score: How We Ranked Each Forbes 400 Billionaire Based On Their Giving,forbes,2020-09-25 17:13:50,
Jennifer Wang,forbes,2020-09-25 17:13:50,
,forbes,2020-09-25 17:13:50,
How Netflix’s Reed Hastings Rewrote The Hollywood Script,forbes,2020-09-25 17:13:50,
Dawn Chmielewski,forbes,2020-09-25 17:13:50,
,forbes,2020-09-25 17:13:50,
The Richest Hedge Fund Managers On The 2020 Forbes 400 List,forbes,2020-09-25 17:13:50,
Jonathan Ponciano,forbes,2020-09-25 17:13:50,
,forbes,2020-09-25 17:13:50,
Alice Walton And The 55 Other Richest Women In America,forbes,2020-09-25 17:13:50,
Ariel Shapiro,forbes,2020-09-25 17:13:50,
Advisor,forbes,2020-09-25 17:13:50,
,forbes,2020-09-25 17:13:50,
"After The Covid-19 Deluge, A Bankruptcy Tidal Wave?",forbes,2020-09-25 17:13:50,
Mark Henricks,forbes,2020-09-25 17:13:50,
Daphne Foreman,forbes,2020-09-25 17:13:50,
,forbes,2020-09-25 17:13:50,
Top 4 Retirement Worries—And How To Handle Them,forbes,2020-09-25 17:13:50,
E. Napoletano,forbes,2020-09-25 17:13:50,
,forbes,2020-09-25 17:13:50,
Ruth Bader Ginsburg’s Key Cases That Paved The Way For Financial Equality,forbes,2020-09-25 17:13:50,
Kelly Anne Smith,forbes,2020-09-25 17:13:50,
,forbes,2020-09-25 17:13:50,
Best Credit Cards For United Flyers Of September 2020,forbes,2020-09-25 17:13:50,
Dia Adams,forbes,2020-09-25 17:13:50,
,forbes,2020-09-25 17:13:50,
How To Pay For College: 4 Ways To Fund Your Education Now,forbes,2020-09-25 17:13:50,
Dori Zinn,forbes,2020-09-25 17:13:50,
,forbes,2020-09-25 17:13:50,
"6 High Value Trips You Can Take With 80,000 Chase Ultimate Reward Points",forbes,2020-09-25 17:13:50,
Becky Pokora,forbes,2020-09-25 17:13:50,
Wheels,forbes,2020-09-25 17:13:50,
,forbes,2020-09-25 17:13:50,
Volkswagen’s 2021 All-Electric ID.4 Is Gunning For Gas-Powered Rivals,forbes,2020-09-25 17:13:50,
Carly Schaffner,forbes,2020-09-25 17:13:50,
,forbes,2020-09-25 17:13:50,
First Drive: 2021 Porsche Panamera 4S E-Hybrid,forbes,2020-09-25 17:13:50,
Andrew Wendler,forbes,2020-09-25 17:13:50,
,forbes,2020-09-25 17:13:50,
"2021 Jaguar F-Pace Debuts: More Grace, Same Space",forbes,2020-09-25 17:13:50,
Clifford Atiyeh,forbes,2020-09-25 17:13:50,
,forbes,2020-09-25 17:13:50,
2020 Honda CR-V Review,forbes,2020-09-25 17:13:50,
Forbes Wheels Staff,forbes,2020-09-25 17:13:50,
,forbes,2020-09-25 17:13:50,
2020 Subaru Outback Review,forbes,2020-09-25 17:13:50,
Forbes Wheels Staff,forbes,2020-09-25 17:13:50,
,forbes,2020-09-25 17:13:50,
2020 Toyota Land Cruiser Review,forbes,2020-09-25 17:13:50,
Forbes Wheels Staff,forbes,2020-09-25 17:13:50,
